{
    "name": "GeoDelimitedTextSync",
    "properties": {
        "linkedServiceName": {
            "referenceName": "traininglakehousez",
            "type": "LinkedServiceReference"
        },
        "annotations": [],
        "type": "DelimitedText",
        "typeProperties": {
            "location": {
                "type": "AzureBlobFSLocation",
                "folderPath": {
                    "value": "geolocation/@{formatDateTime(utcnow(),'yyyy')}/@ {formatDateTime(utcnow(),'MM')}/@ {formatDateTime(utcnow(),'dd')}/@ {formatDateTime(utcnow(),'HH')}",
                    "type": "Expression"
                },
                "fileSystem": "bronze"
            },
            "columnDelimiter": ",",
            "escapeChar": "\\",
            "quoteChar": "\""
        },
        "schema": []
    },
    "type": "Microsoft.DataFactory/factories/datasets"
}