{
    "name": "RestResource1",
    "properties": {
        "linkedServiceName": {
            "referenceName": "restsource",
            "type": "LinkedServiceReference"
        },
        "annotations": [],
        "type": "RestResource",
        "typeProperties": {
            "relativeUrl": {
                "value": "convert?q=USD_@{item().Currency}&compact=ultra&apiKey=cb1fb620e54c473cd7d3",
                "type": "Expression"
            }
        },
        "schema": []
    },
    "type": "Microsoft.DataFactory/factories/datasets"
}