{
    "name": "TrackingJSONSync",
    "properties": {
        "linkedServiceName": {
            "referenceName": "traininglakehousez",
            "type": "LinkedServiceReference"
        },
        "annotations": [],
        "type": "Json",
        "typeProperties": {
            "location": {
                "type": "AzureBlobFSLocation",
                "folderPath": {
                    "value": "logs/@{formatDateTime(utcnow(),'yyyy')}/@{formatDateTime(utcnow(),'MM')}/@{formatDateTime(utcnow(),'dd')}/@{formatDateTime(utcnow(),'HH')}",
                    "type": "Expression"
                },
                "fileSystem": "bronze"
            }
        },
        "schema": {}
    },
    "type": "Microsoft.DataFactory/factories/datasets"
}