{
    "name": "httpsource",
    "type": "Microsoft.DataFactory/factories/linkedservices",
    "properties": {
        "annotations": [],
        "type": "HttpServer",
        "typeProperties": {
            "url": "https://raw.githubusercontent.com/PacktPublishing/Data-Engineering-with-Apache-Spark-Delta-Lake-and-Lakehouse/main/project/prep/iplocation/IP2LOCATION-LITE-DB1.CSV ",
            "enableServerCertificateValidation": true,
            "authenticationType": "Anonymous"
        }
    }
}