{
    "now": "2021-12-14T19:59:15.360Z",
    "perfNow": 80815278.6,
    "diagnosticCorrelation": "bb933e14-042d-461d-907e-c1d4a5692cb4",
    "source": "DownloadSupportFiles",
    "environment": {
        "productName": "adf",
        "buildVersion": "1.0.20211207.4",
        "environmentType": 3,
        "resourceName": "traininglakehousezz",
        "resourceRegion": "eastus",
        "resourceGroup": "another_training",
        "subscriptionId": "afdc7c27-7fca-4262-b225-c6ad3ae418a8",
        "sessionId": "94ah4",
        "operationId": "eXrjB",
        "gitType": "live"
    },
    "additionalInfo": {
        "selectedResource": "electroniz_batch_ingestion_pipelinez",
        "selectedResourceType": "pipeline"
    }
}