{
    "name": "electroniz_batch_ingestion_pipelinez",
    "properties": {
        "description": "This pipeline will ingest data from sales database, currency conversion, geo-location, and ecommerce website tracking",
        "activities": [
            {
                "name": "Get Secret",
                "type": "WebActivity",
                "dependsOn": [],
                "policy": {
                    "timeout": "7.00:00:00",
                    "retry": 0,
                    "retryIntervalInSeconds": 30,
                    "secureOutput": false,
                    "secureInput": false
                },
                "userProperties": [],
                "typeProperties": {
                    "url": "https://trainingzr100.vault.azure.net/secrets/CURRAPIKEY/c2cc3ef738774545a3a88121daec0747?api-version=7.0",
                    "method": "GET",
                    "authentication": {
                        "type": "MSI",
                        "resource": "https://vault.azure.net"
                    }
                }
            },
            {
                "name": "Get Geo-location Mapping",
                "type": "Copy",
                "dependsOn": [
                    {
                        "activity": "Get Secret",
                        "dependencyConditions": [
                            "Succeeded"
                        ]
                    }
                ],
                "policy": {
                    "timeout": "7.00:00:00",
                    "retry": 0,
                    "retryIntervalInSeconds": 30,
                    "secureOutput": false,
                    "secureInput": false
                },
                "userProperties": [],
                "typeProperties": {
                    "source": {
                        "type": "DelimitedTextSource",
                        "storeSettings": {
                            "type": "HttpReadSettings",
                            "requestMethod": "GET"
                        },
                        "formatSettings": {
                            "type": "DelimitedTextReadSettings"
                        }
                    },
                    "sink": {
                        "type": "DelimitedTextSink",
                        "storeSettings": {
                            "type": "AzureBlobFSWriteSettings"
                        },
                        "formatSettings": {
                            "type": "DelimitedTextWriteSettings",
                            "quoteAllText": true,
                            "fileExtension": ".txt"
                        }
                    },
                    "enableStaging": false,
                    "translator": {
                        "type": "TabularTranslator",
                        "typeConversion": true,
                        "typeConversionSettings": {
                            "allowDataTruncation": true,
                            "treatBooleanAsNumber": false
                        }
                    }
                },
                "inputs": [
                    {
                        "referenceName": "GeoDelimitedTextSource",
                        "type": "DatasetReference"
                    }
                ],
                "outputs": [
                    {
                        "referenceName": "GeoDelimitedTextSync",
                        "type": "DatasetReference"
                    }
                ]
            },
            {
                "name": "Find SalesDB Tables",
                "type": "Lookup",
                "dependsOn": [
                    {
                        "activity": "Get Geo-location Mapping",
                        "dependencyConditions": [
                            "Succeeded"
                        ]
                    }
                ],
                "policy": {
                    "timeout": "7.00:00:00",
                    "retry": 0,
                    "retryIntervalInSeconds": 30,
                    "secureOutput": false,
                    "secureInput": false
                },
                "userProperties": [],
                "typeProperties": {
                    "source": {
                        "type": "AzureSqlSource",
                        "sqlReaderQuery": "SELECT QUOTENAME(table_schema)+'.'+QUOTENAME(table_name) AS Table_Name FROM information_Schema.tables WHERE table_name not in ('watermarktable', 'database_firewall_rules', 'ipv6_database_firewall_rules')",
                        "queryTimeout": "02:00:00",
                        "partitionOption": "None"
                    },
                    "dataset": {
                        "referenceName": "salesdbds",
                        "type": "DatasetReference"
                    },
                    "firstRowOnly": false
                }
            },
            {
                "name": "For Each Table",
                "type": "ForEach",
                "dependsOn": [
                    {
                        "activity": "Find SalesDB Tables",
                        "dependencyConditions": [
                            "Succeeded"
                        ]
                    }
                ],
                "userProperties": [],
                "typeProperties": {
                    "items": {
                        "value": "@activity('Find SalesDB Tables').output.value",
                        "type": "Expression"
                    },
                    "activities": [
                        {
                            "name": "Lookup Old Watermark",
                            "type": "Lookup",
                            "dependsOn": [],
                            "policy": {
                                "timeout": "7.00:00:00",
                                "retry": 0,
                                "retryIntervalInSeconds": 30,
                                "secureOutput": false,
                                "secureInput": false
                            },
                            "userProperties": [],
                            "typeProperties": {
                                "source": {
                                    "type": "AzureSqlSource",
                                    "sqlReaderQuery": {
                                        "value": "SELECT * FROM [dbo].[watermarktable] AS WatermarkValue WHERE table_name='@{item().Table_Name}'",
                                        "type": "Expression"
                                    },
                                    "queryTimeout": "02:00:00",
                                    "partitionOption": "None"
                                },
                                "dataset": {
                                    "referenceName": "salesdbds",
                                    "type": "DatasetReference"
                                },
                                "firstRowOnly": true
                            }
                        },
                        {
                            "name": "Copy Table Data",
                            "type": "Copy",
                            "dependsOn": [
                                {
                                    "activity": "Lookup Old Watermark",
                                    "dependencyConditions": [
                                        "Succeeded"
                                    ]
                                },
                                {
                                    "activity": "Lookup New Watermark",
                                    "dependencyConditions": [
                                        "Succeeded"
                                    ]
                                }
                            ],
                            "policy": {
                                "timeout": "7.00:00:00",
                                "retry": 0,
                                "retryIntervalInSeconds": 30,
                                "secureOutput": false,
                                "secureInput": false
                            },
                            "userProperties": [],
                            "typeProperties": {
                                "source": {
                                    "type": "AzureSqlSource",
                                    "sqlReaderQuery": {
                                        "value": "SELECT * FROM @{item().Table_Name} WHERE updated_at > '@{activity('Lookup Old Watermark').output.firstRow.watermark_value}'",
                                        "type": "Expression"
                                    },
                                    "queryTimeout": "02:00:00",
                                    "partitionOption": "None"
                                },
                                "sink": {
                                    "type": "DelimitedTextSink",
                                    "storeSettings": {
                                        "type": "AzureBlobFSWriteSettings"
                                    },
                                    "formatSettings": {
                                        "type": "DelimitedTextWriteSettings",
                                        "quoteAllText": true,
                                        "fileExtension": ".txt"
                                    }
                                },
                                "enableStaging": false,
                                "translator": {
                                    "type": "TabularTranslator",
                                    "typeConversion": true,
                                    "typeConversionSettings": {
                                        "allowDataTruncation": true,
                                        "treatBooleanAsNumber": false
                                    }
                                }
                            },
                            "inputs": [
                                {
                                    "referenceName": "salesdbds",
                                    "type": "DatasetReference"
                                }
                            ],
                            "outputs": [
                                {
                                    "referenceName": "salesDelimitedText",
                                    "type": "DatasetReference",
                                    "parameters": {
                                        "FileExt": "csv",
                                        "FileTime": "@pipeline().TriggerTime"
                                    }
                                }
                            ]
                        },
                        {
                            "name": "Update Watermark",
                            "type": "SqlServerStoredProcedure",
                            "dependsOn": [
                                {
                                    "activity": "Copy Table Data",
                                    "dependencyConditions": [
                                        "Succeeded"
                                    ]
                                }
                            ],
                            "policy": {
                                "timeout": "7.00:00:00",
                                "retry": 0,
                                "retryIntervalInSeconds": 30,
                                "secureOutput": false,
                                "secureInput": false
                            },
                            "userProperties": [],
                            "typeProperties": {
                                "storedProcedureName": "[dbo].[usp_write_watermark]",
                                "storedProcedureParameters": {
                                    "LastModifiedtime": {
                                        "value": {
                                            "value": "@{activity('Lookup New Watermark').output.firstRow.NewWatermarkvalue} ",
                                            "type": "Expression"
                                        },
                                        "type": "Datetime"
                                    },
                                    "TableName": {
                                        "value": {
                                            "value": "@{activity('Lookup Old Watermark').output.firstRow.table_name}",
                                            "type": "Expression"
                                        },
                                        "type": "String"
                                    }
                                }
                            },
                            "linkedServiceName": {
                                "referenceName": "salesdbsourcezz",
                                "type": "LinkedServiceReference"
                            }
                        },
                        {
                            "name": "Lookup New Watermark",
                            "type": "Lookup",
                            "dependsOn": [],
                            "policy": {
                                "timeout": "7.00:00:00",
                                "retry": 0,
                                "retryIntervalInSeconds": 30,
                                "secureOutput": false,
                                "secureInput": false
                            },
                            "userProperties": [],
                            "typeProperties": {
                                "source": {
                                    "type": "AzureSqlSource",
                                    "sqlReaderQuery": "SELECT MAX(updated_at) as NewWatermarkvalue FROM @{item().Table_Name}",
                                    "queryTimeout": "02:00:00",
                                    "partitionOption": "None"
                                },
                                "dataset": {
                                    "referenceName": "salesdbds",
                                    "type": "DatasetReference"
                                }
                            }
                        }
                    ]
                }
            },
            {
                "name": "Find Currencies",
                "type": "Lookup",
                "dependsOn": [
                    {
                        "activity": "For Each Table",
                        "dependencyConditions": [
                            "Succeeded"
                        ]
                    }
                ],
                "policy": {
                    "timeout": "7.00:00:00",
                    "retry": 0,
                    "retryIntervalInSeconds": 30,
                    "secureOutput": false,
                    "secureInput": false
                },
                "userProperties": [],
                "typeProperties": {
                    "source": {
                        "type": "AzureSqlSource",
                        "sqlReaderQuery": "SELECT DISTINCT currency FROM [dbo].[store_orders] WHERE currency <> 'USD'",
                        "queryTimeout": "02:00:00",
                        "partitionOption": "None"
                    },
                    "dataset": {
                        "referenceName": "salesdbds",
                        "type": "DatasetReference"
                    },
                    "firstRowOnly": false
                }
            },
            {
                "name": "For Each Currency",
                "type": "ForEach",
                "dependsOn": [
                    {
                        "activity": "Find Currencies",
                        "dependencyConditions": [
                            "Succeeded"
                        ]
                    }
                ],
                "userProperties": [],
                "typeProperties": {
                    "items": {
                        "value": "@activity('Find Currencies').output.value",
                        "type": "Expression"
                    },
                    "activities": [
                        {
                            "name": "Get Currency Value",
                            "type": "Copy",
                            "dependsOn": [],
                            "policy": {
                                "timeout": "7.00:00:00",
                                "retry": 0,
                                "retryIntervalInSeconds": 30,
                                "secureOutput": false,
                                "secureInput": false
                            },
                            "userProperties": [],
                            "typeProperties": {
                                "source": {
                                    "type": "RestSource",
                                    "httpRequestTimeout": "00:01:40",
                                    "requestInterval": "00.00:00:00.010",
                                    "requestMethod": "GET",
                                    "paginationRules": {
                                        "supportRFC5988": "true"
                                    }
                                },
                                "sink": {
                                    "type": "DelimitedTextSink",
                                    "storeSettings": {
                                        "type": "AzureBlobFSWriteSettings"
                                    },
                                    "formatSettings": {
                                        "type": "DelimitedTextWriteSettings",
                                        "quoteAllText": true,
                                        "fileExtension": ".txt"
                                    }
                                },
                                "enableStaging": false
                            },
                            "inputs": [
                                {
                                    "referenceName": "RestResource1",
                                    "type": "DatasetReference"
                                }
                            ],
                            "outputs": [
                                {
                                    "referenceName": "CurrencyDelimitedText",
                                    "type": "DatasetReference"
                                }
                            ]
                        }
                    ]
                }
            },
            {
                "name": "Copy Website Tracking Data",
                "type": "Copy",
                "dependsOn": [
                    {
                        "activity": "For Each Currency",
                        "dependencyConditions": [
                            "Succeeded"
                        ]
                    }
                ],
                "policy": {
                    "timeout": "7.00:00:00",
                    "retry": 0,
                    "retryIntervalInSeconds": 30,
                    "secureOutput": false,
                    "secureInput": false
                },
                "userProperties": [],
                "typeProperties": {
                    "source": {
                        "type": "JsonSource",
                        "storeSettings": {
                            "type": "AzureBlobStorageReadSettings",
                            "recursive": true,
                            "enablePartitionDiscovery": false,
                            "prefix": "electroniz_access"
                        },
                        "formatSettings": {
                            "type": "JsonReadSettings"
                        }
                    },
                    "sink": {
                        "type": "JsonSink",
                        "storeSettings": {
                            "type": "AzureBlobFSWriteSettings"
                        },
                        "formatSettings": {
                            "type": "JsonWriteSettings"
                        }
                    },
                    "enableStaging": false
                },
                "inputs": [
                    {
                        "referenceName": "TrackingJSON",
                        "type": "DatasetReference"
                    }
                ],
                "outputs": [
                    {
                        "referenceName": "TrackingJSONSync",
                        "type": "DatasetReference"
                    }
                ]
            },
            {
                "name": "Delete Website Tracking Logs",
                "type": "Delete",
                "dependsOn": [
                    {
                        "activity": "Copy Website Tracking Data",
                        "dependencyConditions": [
                            "Succeeded"
                        ]
                    }
                ],
                "policy": {
                    "timeout": "7.00:00:00",
                    "retry": 0,
                    "retryIntervalInSeconds": 30,
                    "secureOutput": false,
                    "secureInput": false
                },
                "userProperties": [],
                "typeProperties": {
                    "dataset": {
                        "referenceName": "TrackingJSON",
                        "type": "DatasetReference"
                    },
                    "enableLogging": false,
                    "storeSettings": {
                        "type": "AzureBlobStorageReadSettings",
                        "recursive": true,
                        "enablePartitionDiscovery": false
                    }
                }
            }
        ],
        "annotations": [],
        "lastPublishTime": "2021-12-13T21:26:33Z"
    },
    "type": "Microsoft.DataFactory/factories/pipelines"
}